customer_id,first_name,last_name,email,country,signup_date
1,David,Young,jevans@yahoo.com,Germany,2024-02-14
2,Felicia,Thompson,rita86@rodriguez.com,USA,2024-02-08
3,Stephen,Clark,theresawhite@wade-mcclain.com,USA,2024-06-19
4,Gregory,Ellis,wilsonjessica@stevens.com,Germany,2025-06-08
5,Shelby,Perkins,emily29@gmail.com,Canada,2024-06-02
6,Vickie,Ware,fosterjoe@gmail.com,UK,2024-04-25
7,Erica,Hines,lmurphy@gallagher.info,UK,2024-04-07
8,John,Arellano,derek03@gmail.com,UK,2024-05-07
9,Ariel,Singh,toddgoodman@taylor.org,Germany,2025-06-27
10,David,Frank,wilsontimothy@andrews-bell.org,USA,2024-01-16
11,Brittany,Martinez,markcurry@gmail.com,Germany,2024-02-01
12,Gina,Rodriguez,blakejohnson@hernandez-castillo.com,Germany,2025-03-08
13,Joel,Patel,isimon@yahoo.com,France,2024-01-15
14,Amy,Carter,tony54@brady-cline.com,USA,2025-07-16
15,Lauren,Ayala,lewisjulie@yahoo.com,France,2025-10-17
16,Anthony,Olson,phillipspaul@gmail.com,Nigeria,2025-02-23
17,Ann,Adams,thomaswright@hernandez.com,USA,2024-05-01
18,Cindy,Rollins,ashleybowers@simon.com,USA,2024-12-03
19,Kristen,Hendricks,fullerjennifer@gmail.com,USA,2025-05-01
20,Joyce,Miller,yugregory@yahoo.com,UK,2025-05-03
21,Kimberly,Wade,jill83@mitchell.net,UK,2025-04-02
22,Tina,Fernandez,elizabeth67@miller-baker.com,France,2024-04-13
23,Pamela,Hall,reynoldsann@dorsey.com,France,2025-07-03
24,Brooke,Ford,tporter@white-lyons.com,USA,2024-03-14
25,John,Roman,dennis91@hotmail.com,France,2025-07-23
26,Ralph,Castillo,manuelpatton@smith-white.com,UK,2025-02-01
27,Kendra,Olson,vnichols@hotmail.com,Germany,2025-03-25
28,Kaitlyn,Harrington,nallen@smith-martin.net,Germany,2024-01-15
29,Jessica,Goodwin,stevegardner@hotmail.com,Germany,2025-08-08
30,Michelle,Alvarado,nicholas21@dyer-brock.com,France,2024-07-28
31,Mark,Mcdowell,khernandez@romero-wallace.com,Nigeria,2024-11-20
32,Diane,Fisher,laura98@gmail.com,UK,2024-12-25
33,Melissa,Lopez,millergregory@yahoo.com,Nigeria,2025-01-08
34,Michelle,Horn,reneejennings@gmail.com,France,2024-04-22
35,Alex,Cowan,wclements@sanchez-davis.com,Canada,2025-07-18
36,Cory,Chapman,pguzman@villarreal.org,Australia,2025-02-13
37,Kathy,Larson,ovalentine@yahoo.com,Australia,2025-05-16
38,Kimberly,Green,meagan32@ramos-parker.com,USA,2025-02-11
39,Jennifer,Hart,cblack@gmail.com,Australia,2025-09-15
40,Jasmine,Willis,jose21@garcia.com,Australia,2024-01-05
41,Stephanie,Lopez,cameronmcdonald@moore.org,UK,2024-10-11
42,Ashley,Combs,scottpalmer@glenn-jacobs.info,Germany,2025-02-23
43,Kelsey,Graham,maydamon@thomas.com,Nigeria,2024-01-30
44,Breanna,Ortiz,danielle04@gmail.com,Canada,2025-06-24
45,Nicholas,Burns,derrickfrancis@stephenson.com,Canada,2024-07-09
46,Jessica,Smith,katherineporter@yahoo.com,UK,2024-05-01
47,Tiffany,Ball,tiffanykelly@hotmail.com,UK,2023-11-14
48,Jonathan,Melton,devinmurray@gmail.com,Australia,2024-08-11
49,Timothy,Jones,jared19@gmail.com,Canada,2024-05-26
50,Cameron,Green,lawsoncassidy@jackson.com,USA,2024-03-11
51,Mary,Patel,qmiller@gmail.com,USA,2025-04-06
52,Justin,Jones,matthewreid@yahoo.com,Nigeria,2024-11-02
53,Michele,Davis,iharper@hotmail.com,USA,2024-01-25
54,James,Richmond,powersjames@hotmail.com,Canada,2023-12-31
55,David,Larsen,juarezanita@gmail.com,Australia,2025-04-09
56,Megan,Thomas,cartersara@martin.com,Canada,2024-12-20
57,Mary,Maddox,zmartin@yahoo.com,France,2025-08-04
58,Karen,Burns,goodmanmichele@yahoo.com,Canada,2023-12-15
59,Daniel,Wright,christopher93@gmail.com,Australia,2024-09-17
60,Katie,Richards,klineantonio@gmail.com,USA,2024-07-12
61,Stacy,Rivera,kathrynfields@yahoo.com,Germany,2023-12-06
62,Daniel,Campbell,villarrealderek@freeman.net,Nigeria,2025-09-07
63,David,Rogers,danabender@gmail.com,France,2025-04-10
64,Barbara,Diaz,diazjill@reed.com,USA,2024-12-07
65,James,Rangel,amberbrown@gmail.com,Nigeria,2024-10-03
66,Bryan,Joseph,devin01@klein.org,USA,2025-02-17
67,Brianna,Saunders,mrodriguez@hotmail.com,France,2025-06-12
68,Frederick,Torres,murphymelissa@hotmail.com,Canada,2024-03-28
69,Erin,Petty,whitemeghan@gmail.com,Australia,2024-08-08
70,Daniel,Garrison,michellesmith@yahoo.com,Germany,2024-04-03
71,Eric,Walker,kenneth26@hotmail.com,France,2024-03-09
72,Vincent,Trujillo,mark00@lamb.com,Australia,2025-06-27
73,Anne,Williams,shaunweber@hotmail.com,Canada,2025-08-30
74,Jonathan,Russell,blee@bridges-sandoval.info,France,2024-04-05
75,Glenn,Marshall,vbecker@yahoo.com,UK,2025-06-20
76,Dawn,Barajas,ricardo22@pratt.biz,Germany,2025-08-10
77,Michael,Moore,montgomerygregory@lopez-bauer.com,USA,2024-11-30
78,Jennifer,Rasmussen,dmendez@chambers.net,USA,2025-05-26
79,Kimberly,Jones,amber60@sutton-rush.net,Germany,2024-01-26
80,Alyssa,Zimmerman,bridget65@stewart.net,UK,2024-11-13
81,James,Hayden,morrisbrooke@mason-rogers.com,Australia,2025-08-27
82,Caitlin,Anderson,bblake@gmail.com,Canada,2024-06-06
83,James,Ramirez,joanking@harris-williams.com,USA,2024-12-18
84,David,Parker,karenfields@hanson-woodward.biz,Australia,2025-02-25
85,John,Harmon,obrienashley@hotmail.com,UK,2024-01-15
86,Stephanie,Lewis,garciatheresa@hotmail.com,Australia,2025-04-10
87,Christopher,Ellison,caitlinfields@gmail.com,USA,2025-01-13
88,Paul,Nguyen,brandonwhite@gmail.com,Nigeria,2025-07-10
89,Kerry,Cole,lindsey09@gmail.com,Canada,2025-08-29
90,David,Martinez,lyoung@gmail.com,Nigeria,2025-01-19
91,Samantha,Wagner,madisonalvarez@gmail.com,Germany,2025-08-29
92,Natalie,Alexander,tayloramanda@gmail.com,Australia,2025-04-04
93,Jill,Price,tmiller@morgan.com,Canada,2025-01-12
94,Miranda,Sanchez,morganlori@gmail.com,UK,2024-02-07
95,Sheri,Aguilar,ryanrodriguez@hotmail.com,Canada,2025-03-25
96,Thomas,Wiggins,oscarclark@yahoo.com,Canada,2025-05-17
97,Thomas,Clark,vincent00@yahoo.com,UK,2025-01-19
98,Rebecca,Clark,crystalmorrison@patterson.biz,Germany,2025-10-04
99,Tyler,Brooks,alexis21@mckinney.biz,Canada,2024-12-01
100,Amy,Ball,jdavid@rivera.com,Germany,2025-08-21
101,Valerie,Jones,julie30@turner-lewis.com,Germany,2024-12-18
102,Angela,Allen,bennettmichele@hotmail.com,Germany,2024-03-07
103,Jerry,Rubio,anita85@wolf.com,USA,2025-10-03
104,Donna,Thompson,barnesjessica@hotmail.com,France,2024-08-18
105,Glen,Johnson,fray@kelly.info,Germany,2025-02-04
106,Carly,Mills,paigecisneros@brewer.com,UK,2025-07-08
107,James,Guzman,juliastewart@olson.biz,France,2025-04-02
108,Ryan,Maxwell,steve97@hotmail.com,Germany,2024-11-30
109,Miguel,Patterson,sarahsmith@hotmail.com,UK,2024-08-01
110,Charles,Gonzalez,michael12@hotmail.com,UK,2024-11-29
111,Michael,Henry,smithbrent@williamson.info,Nigeria,2025-01-12
112,Jill,Golden,smithkristen@murray.biz,Nigeria,2024-10-25
113,Ernest,Howard,brian55@glass.com,Canada,2024-04-16
114,Patricia,Andrade,snyderryan@hotmail.com,Germany,2024-03-04
115,Debbie,Gonzalez,haydenwilliams@lane-sosa.com,Germany,2025-09-12
116,Aaron,Spencer,smithanthony@aguilar.com,France,2025-06-16
117,Loretta,Williams,flemingjoyce@yahoo.com,UK,2024-06-29
118,Angelica,King,goodwinjessica@hotmail.com,Germany,2025-09-21
119,James,Blair,jerome86@gmail.com,Canada,2024-11-17
120,Christopher,Cohen,lauraorr@medina.com,Australia,2024-07-07
121,Nicole,Brown,michaelstewart@kelly.biz,Australia,2025-02-27
122,Dennis,Davis,richardhester@jones.com,Australia,2024-04-03
123,James,Jones,steven48@roman-lee.com,USA,2024-08-13
124,Sandra,Cortez,kingwilliam@thomas-bennett.com,UK,2025-06-13
125,Mary,Conway,christiandaniel@gmail.com,Australia,2025-01-25
126,Kristin,Robertson,michaelbell@gmail.com,USA,2025-10-16
127,Angela,Lewis,michellehenry@hotmail.com,Australia,2025-03-03
128,Joshua,Harvey,greed@hotmail.com,Canada,2024-03-03
129,Nathan,Lowe,jenniferruiz@walker-chaney.info,Nigeria,2025-08-15
130,Jordan,Owen,allenjames@obrien.com,Canada,2024-03-11
131,Kimberly,Wilson,justincunningham@vasquez.com,USA,2023-12-10
132,Sara,Lawson,judy50@yahoo.com,UK,2024-04-30
133,Christina,Wells,mooreshelley@gmail.com,France,2025-08-17
134,Lucas,Williams,hrandall@gmail.com,Germany,2025-06-09
135,Jacqueline,Parker,xbrown@turner.com,Canada,2025-09-04
136,Allison,Elliott,melissadunn@gmail.com,UK,2024-01-08
137,Jeffrey,Powers,brooksjessica@sanders.net,Germany,2025-04-13
138,Jack,Morgan,burtonmichael@yahoo.com,Nigeria,2024-12-06
139,Sheryl,Martin,laurie61@garcia-perez.com,Nigeria,2025-04-06
140,Don,Diaz,rodriguezwilliam@smith.biz,Germany,2025-09-05
141,Ethan,Arellano,valvarez@james-bishop.com,Nigeria,2025-03-29
142,Jeremiah,Reese,chiggins@douglas-bishop.com,UK,2025-06-14
143,Michael,Durham,victoriajohnson@armstrong.com,Canada,2025-01-23
144,Meghan,Cook,moralesheather@hotmail.com,UK,2024-04-29
145,Kristina,Smith,joystrickland@gmail.com,UK,2024-01-27
146,Brandon,Bailey,harrismichelle@taylor-rodriguez.com,Germany,2024-12-11
147,Steven,Jones,pottsalexis@mack-hanna.com,France,2024-02-12
148,Patricia,Brown,ftorres@knight-ruiz.net,France,2024-03-18
149,Eric,Thompson,kristie04@yahoo.com,Canada,2025-02-04
150,Dean,Holt,sandovaldiane@lewis.org,Germany,2025-08-24
151,Herbert,Lee,michael44@yahoo.com,France,2025-07-01
152,Diane,Ortiz,craig78@rodriguez.com,Nigeria,2025-05-29
153,Robin,Le,jeremy31@yahoo.com,France,2024-05-13
154,Jeffrey,Goodman,smithkatherine@johnson.org,Nigeria,2023-12-05
155,Timothy,Lin,patricia47@murphy.info,Canada,2025-10-26
156,Mark,Kelly,nancy81@morgan-ramirez.net,UK,2025-01-19
157,James,Robinson,zoeraymond@stevens.org,UK,2025-05-31
158,Paul,Atkins,stanley52@fisher.com,France,2025-02-11
159,Lisa,Ferguson,christian35@wilson.com,Nigeria,2025-04-04
160,Joshua,Rose,fnielsen@cruz.net,USA,2024-03-24
161,James,Larson,deaneric@yahoo.com,Australia,2025-07-20
162,Phillip,Ramos,carrie15@gmail.com,USA,2025-06-08
163,Carolyn,Riddle,natasha31@hotmail.com,Australia,2024-08-03
164,Brittany,Malone,hughesamy@gmail.com,USA,2025-09-28
165,Adam,Shea,uacosta@yahoo.com,UK,2024-02-01
166,Susan,Watson,underwoodallison@clark-fernandez.com,Germany,2024-06-20
167,Heather,Clark,littleamanda@gmail.com,UK,2025-05-08
168,Stephanie,Morris,alejandra71@adams.com,Australia,2024-03-05
169,Mitchell,Klein,efox@yahoo.com,Germany,2025-05-02
170,Darrell,Johnson,bmorse@li.com,Nigeria,2025-03-09
171,Scott,Avery,bradleyhawkins@mcdaniel.com,France,2025-06-05
172,Deborah,Lopez,gardneralison@hotmail.com,USA,2024-09-06
173,Joseph,Taylor,monica12@gmail.com,Nigeria,2024-06-08
174,Jeffrey,Carter,katherinedecker@gmail.com,Nigeria,2025-09-09
175,Amy,Thompson,julia89@gmail.com,France,2025-05-15
176,Mark,Dyer,howardamanda@hotmail.com,Nigeria,2025-10-19
177,David,Rodriguez,millermatthew@rojas-francis.com,France,2025-08-01
178,Brandy,Francis,owolf@gmail.com,Canada,2025-02-17
179,Catherine,Weaver,jwilliams@parker.info,France,2025-08-21
180,Deanna,Ray,robinsonlisa@gmail.com,Australia,2025-01-17
181,Stacy,Raymond,taylorshelly@webster.com,USA,2025-06-15
182,Elizabeth,Brooks,gregorykelley@fields.net,Germany,2024-01-14
183,Kathleen,Evans,dthomas@hotmail.com,Germany,2025-09-29
184,Kelly,Wood,zhouse@fisher-reid.com,USA,2025-07-10
185,Chelsea,Schroeder,waynehughes@yahoo.com,Germany,2025-01-13
186,Eric,Kramer,lhunt@yahoo.com,France,2024-01-16
187,Seth,Wheeler,joseph92@gonzalez.com,Australia,2024-07-13
188,Barbara,Tucker,ahenry@yahoo.com,Canada,2024-12-26
189,Tiffany,Holmes,kathleenmcdaniel@thompson.org,Australia,2024-06-21
190,Courtney,Lopez,anthonyknight@yahoo.com,Germany,2025-07-01
191,Christopher,Dudley,andersonkelly@gmail.com,Canada,2024-11-12
192,William,Wong,marysmith@shaw-contreras.com,USA,2025-10-03
193,Jesse,Burns,jgarrett@yahoo.com,Canada,2025-08-15
194,Julia,Lewis,jeremy77@hill.info,Nigeria,2024-09-13
195,Caitlin,Stevens,kelly98@davis.com,UK,2024-08-11
196,Tyler,Schultz,michaelcampbell@mcdaniel-peters.com,Nigeria,2025-10-12
197,James,Jordan,amber53@jackson.com,USA,2024-03-19
198,Crystal,Leblanc,kelli52@lester.com,Germany,2023-12-23
199,Janice,Robinson,tguerra@kerr-harrison.net,Germany,2025-02-20
200,Shari,Ruiz,garciajesse@gmail.com,Canada,2024-03-14
201,Noah,Ross,joshuavazquez@yahoo.com,France,2024-01-17
202,Amber,Benjamin,bridget81@lee.com,Australia,2024-01-11
203,Karen,Watts,ashleybailey@wilson-cisneros.com,UK,2025-06-28
204,James,Wright,wilsondouglas@hotmail.com,France,2024-11-02
205,Amanda,Chen,deborah28@johnson.biz,USA,2025-01-29
206,Frank,Gibson,xhubbard@gmail.com,Australia,2024-05-16
207,Christopher,Trujillo,emilymcdonald@simmons-gomez.com,Germany,2024-11-25
208,Charles,Shepherd,trevor22@gmail.com,Canada,2024-09-28
209,Justin,Lopez,meganpage@gmail.com,Australia,2025-06-26
210,Shelley,Ramos,matthew97@tucker-richardson.com,Germany,2025-05-16
211,Christine,Huang,fcarter@yahoo.com,France,2024-11-01
212,Jeffery,Henderson,charles55@gmail.com,France,2025-07-08
213,Randy,Hoffman,spencerandrew@gmail.com,UK,2024-10-07
214,Blake,Haas,jenniferhowell@hotmail.com,UK,2024-10-04
215,Cheryl,Howell,fjames@yahoo.com,Canada,2025-03-22
216,James,Williams,jhoffman@hotmail.com,Australia,2025-04-24
217,Kristina,Baird,xatkins@wong.com,UK,2024-04-08
218,Robert,King,larsongabrielle@green-jones.org,France,2024-07-04
219,Wyatt,Morris,nicolemartin@byrd.org,Australia,2025-09-03
220,Sherry,Adams,smithderrick@campbell.com,France,2024-04-01
221,Ashley,Garcia,whitemarvin@fox.com,USA,2024-11-30
222,Kelly,Parrish,mtaylor@yahoo.com,France,2025-04-13
223,Courtney,Burton,ngonzalez@yahoo.com,Canada,2024-08-28
224,Gary,Huffman,williamsluke@conley.com,Nigeria,2025-10-13
225,Nicholas,Roman,xpierce@schmidt-nguyen.biz,USA,2024-03-22
226,Dennis,Thomas,susan05@yahoo.com,USA,2025-06-24
227,Alexis,Hickman,gmathis@hotmail.com,Canada,2024-11-15
228,Matthew,Wallace,bsmith@hotmail.com,Australia,2024-10-17
229,Jamie,Stone,chapmanelizabeth@gmail.com,Australia,2024-03-17
230,Shelby,Jordan,drew39@chan-beard.com,Canada,2023-12-28
231,Katie,King,karen79@gmail.com,UK,2025-08-19
232,Alyssa,Smith,tjensen@yahoo.com,USA,2024-05-14
233,Daniel,Vasquez,brandon19@guzman.com,UK,2024-11-08
234,Donald,Tate,obryant@li-stuart.com,France,2024-12-16
235,Robert,Mason,dclark@yahoo.com,USA,2025-03-04
236,Jessica,Nielsen,odavis@dorsey-park.com,USA,2025-10-17
237,Edwin,Hernandez,joseph97@hotmail.com,Germany,2025-01-25
238,Kevin,Neal,granthenry@yahoo.com,Nigeria,2024-07-11
239,Jeffrey,Garcia,amy08@hotmail.com,Australia,2024-07-30
240,Kristine,Phillips,brian13@yahoo.com,USA,2025-04-21
241,Linda,Espinoza,margaret41@gmail.com,Australia,2024-03-25
242,Diana,Decker,dustin74@jenkins.com,France,2024-12-31
243,Stephanie,Smith,dwhite@schaefer.com,Australia,2024-07-01
244,Rachel,Franklin,kyle11@hotmail.com,UK,2025-10-12
245,Jay,Miller,websteramber@reid-richardson.info,UK,2025-02-15
246,Danielle,Henderson,kelly99@stephenson-allen.net,Germany,2024-05-13
247,Melissa,Mathews,lucassarah@yahoo.com,Nigeria,2023-11-26
248,Mark,Petersen,morenojohn@hotmail.com,France,2025-07-23
249,Rhonda,Thomas,mark26@berry-scott.org,UK,2024-03-29
250,Taylor,Miller,paige42@yahoo.com,Canada,2023-12-12
251,Mark,Williams,nancywalls@yahoo.com,France,2023-11-19
252,Tammy,Wells,ucarter@taylor.com,Australia,2025-09-25
253,Chloe,Davis,collinsmelissa@williams-robertson.org,France,2024-11-01
254,Michelle,Wilson,theodore89@gmail.com,Nigeria,2024-12-09
255,Miguel,Mullins,rachel44@woods.com,UK,2025-08-22
256,Christina,Simpson,bryanrusso@hotmail.com,France,2024-12-13
257,Kelsey,Vasquez,ghudson@cameron-roman.com,Australia,2025-09-16
258,Alexandria,Reyes,jennifer25@barker-goodman.org,Germany,2025-08-29
259,Lucas,James,spencerian@hotmail.com,Germany,2024-05-17
260,Brooke,Perez,anthonywilson@gmail.com,UK,2023-12-10
261,Alejandro,Hubbard,angeljones@west-vaughan.net,Germany,2025-08-04
262,Diana,Gallegos,johnjohnson@hotmail.com,Canada,2025-05-05
263,Michael,Washington,rodneyoliver@yahoo.com,Nigeria,2025-08-10
264,Carla,Pierce,natalie85@gmail.com,Germany,2023-12-30
265,Lisa,Ball,joshua56@holmes-nguyen.biz,Germany,2025-04-11
266,Natalie,Hall,wallacedaniel@yahoo.com,Canada,2025-03-23
267,Scott,Burns,clarkdavid@gmail.com,Nigeria,2025-05-31
268,Brandi,Adams,smorris@bradley.com,France,2023-11-26
269,Donald,Moore,james52@nelson.com,Nigeria,2024-04-07
270,Sharon,Martinez,andrew02@shields-barton.info,USA,2025-03-31
271,Ashley,Dunn,parksmatthew@gmail.com,UK,2025-09-12
272,Amy,Dawson,vincentmoore@gmail.com,UK,2024-03-10
273,Michael,Allen,phillipsalec@yahoo.com,USA,2025-06-27
274,Charles,Barr,breweredward@gmail.com,Canada,2025-10-26
275,Joseph,Keith,paula45@taylor.com,USA,2025-09-22
276,Amber,Jimenez,victoria22@hubbard.com,France,2023-11-06
277,Christopher,Brown,zachary52@johnston.com,France,2024-01-06
278,Isabel,Mcdaniel,snyderhannah@gmail.com,UK,2024-08-01
279,Larry,Williams,rebekahdiaz@bray-myers.com,France,2025-10-09
280,Joshua,Hooper,joelrobinson@cantrell.com,UK,2024-04-25
281,Jacob,Jones,jason17@hotmail.com,USA,2024-05-27
282,Richard,Gonzales,adam77@rojas-diaz.com,USA,2025-10-05
283,Jeffrey,Rodriguez,nathangrimes@yahoo.com,Germany,2024-12-06
284,Matthew,Young,melendezbarbara@riley.com,Germany,2024-04-01
285,Suzanne,Coleman,sarah45@collier.info,USA,2024-02-14
286,Linda,Fisher,kathryn51@marshall.biz,UK,2024-05-07
287,Scott,Clark,katherinemitchell@stephens.com,USA,2024-05-27
288,Michele,Cabrera,kiddtravis@gmail.com,USA,2024-10-25
289,Christina,Romero,tanya19@lamb-mendoza.com,Australia,2024-01-03
290,Pamela,Harris,richard06@gmail.com,Canada,2024-11-25
291,Steven,Burch,brownmorgan@gmail.com,USA,2024-06-13
292,Brian,Willis,mikaylabrown@chang.net,France,2025-10-15
293,Samantha,Joseph,pereznicholas@gmail.com,UK,2024-07-11
294,Michelle,Huerta,nerickson@hotmail.com,Canada,2025-10-12
295,Susan,Butler,sara38@ellis-davis.com,Germany,2024-08-13
296,Jesse,Davis,lisathornton@carter.com,Nigeria,2024-06-03
297,Anne,Owen,normangrant@russell.org,UK,2025-04-11
298,Kimberly,Kelly,benjamin45@david.com,France,2023-12-29
299,Brandi,Johnson,sallyburton@jensen.info,UK,2025-06-07
300,Ray,Rodriguez,tonya26@spencer-johnson.com,Germany,2024-10-24
301,Cody,Shelton,matthew09@yahoo.com,France,2025-04-13
302,Patrick,Chavez,hellis@adams.com,France,2024-06-06
303,Michelle,Williams,hardybrenda@hotmail.com,Nigeria,2024-04-14
304,Elizabeth,Wagner,william02@williams.com,UK,2023-11-20
305,Samantha,Mack,qwood@jimenez-johnson.com,Australia,2024-06-28
306,Ashley,Morris,arogers@richmond.com,Nigeria,2024-08-25
307,Jessica,Ross,brent61@taylor.com,Australia,2024-09-25
308,Phyllis,Smith,robinsonjessica@jones.info,Nigeria,2024-11-24
309,Robert,Gallegos,palmerkevin@gmail.com,UK,2024-07-11
310,Mark,Harrison,gfarley@hotmail.com,USA,2025-04-27
311,Michael,Scott,johnsonandrew@hotmail.com,USA,2025-07-18
312,Matthew,Vang,stewartmichael@yahoo.com,Germany,2025-09-09
313,Kyle,Harris,brandon87@yahoo.com,Nigeria,2025-09-06
314,David,Bullock,juan93@gmail.com,Canada,2024-12-15
315,Jeremy,Rivera,salasjennifer@yahoo.com,Nigeria,2025-10-29
316,Christopher,Erickson,curtis82@travis-martin.com,Nigeria,2024-04-14
317,Robert,Patterson,qmiller@turner-allison.org,Nigeria,2024-09-27
318,Kelly,Roberts,ramireznatasha@gmail.com,Australia,2024-06-28
319,Larry,Koch,gina90@hotmail.com,Germany,2023-12-31
320,James,Ferguson,hensleylauren@salas-trevino.com,USA,2024-02-28
321,Theodore,Meyers,ysmith@grant.com,Germany,2023-11-02
322,Alexander,West,millerjustin@yahoo.com,Germany,2024-08-14
323,Jacob,Jones,zimmermansandra@rodriguez.com,Germany,2025-10-16
324,Kathryn,Osborne,mcdonaldwillie@green.biz,USA,2025-05-22
325,Nicole,Ramirez,usmith@chang.com,USA,2025-07-11
326,Adam,Armstrong,jeremynorton@yahoo.com,Nigeria,2024-03-13
327,Jeffrey,Cuevas,burnsjoseph@wright.biz,Germany,2024-02-20
328,Ashley,Shelton,shawnalewis@gilbert.com,Canada,2024-08-22
329,Karen,Barber,christophersilva@nash.net,Australia,2025-03-24
330,Michael,Ashley,tcollins@henderson-frank.com,Australia,2025-05-14
331,Robert,Clay,perkinsmargaret@fisher.org,USA,2025-01-25
332,William,Wilkins,neaton@johnson-simpson.org,UK,2025-04-10
333,Elizabeth,Aguirre,michaela20@yahoo.com,UK,2025-02-26
334,Jermaine,Davis,jeffreycastro@roth-hughes.biz,UK,2025-08-12
335,Crystal,Garcia,josephjackson@hotmail.com,France,2024-10-05
336,Stephen,Petty,kelsey54@duffy.org,Nigeria,2025-01-03
337,Cassandra,Oconnor,paulbryan@yahoo.com,UK,2025-03-20
338,Alexis,Smith,heatherstrickland@hotmail.com,Nigeria,2024-11-28
339,Nicole,Cole,ztate@yahoo.com,UK,2025-06-15
340,Andrea,Lester,mguerrero@figueroa.org,Canada,2024-03-17
341,Robert,Robertson,cunninghamanthony@hotmail.com,Nigeria,2025-04-27
342,Karen,Hill,rebeccayates@yahoo.com,UK,2025-05-10
343,Julie,Thompson,morrisstephanie@hotmail.com,Australia,2023-11-02
344,Valerie,Hendrix,lindsey88@escobar-tyler.com,USA,2024-01-04
345,Lynn,Gonzalez,francisco03@dixon.com,Nigeria,2024-01-02
346,Dana,Alvarez,david60@johnson-logan.com,Australia,2025-03-13
347,Lisa,Gonzalez,bowengabriel@hotmail.com,Australia,2024-09-20
348,Isaac,Roberts,parkermaria@russell.biz,Australia,2024-10-09
349,Kevin,Jones,andersonjeffery@gmail.com,France,2025-10-03
350,Ryan,Richardson,matthewphillips@williams.com,USA,2025-10-14
351,Kevin,Phillips,burnsthomas@simmons-jones.biz,USA,2024-07-11
352,Leslie,Hoffman,brittney06@pittman.com,Germany,2024-03-17
353,Michael,Patterson,wyattbarker@hotmail.com,France,2025-01-07
354,Kristina,Williams,martinezkayla@gmail.com,Australia,2025-10-01
355,Brittany,Martin,andrewklein@gmail.com,USA,2025-10-30
356,Susan,Cole,chaveztroy@gmail.com,USA,2024-03-31
357,Christopher,Riley,isaac90@yahoo.com,Australia,2024-06-16
358,Gabriella,Russell,teresa43@chavez-cooper.net,Australia,2024-02-25
359,Lucas,Dunn,russellevans@newton-jennings.com,UK,2025-03-05
360,Zachary,Casey,gweiss@gmail.com,UK,2024-01-13
361,Deborah,Keith,leah69@gmail.com,Nigeria,2024-06-29
362,Katherine,Wilson,wendybrown@yahoo.com,Nigeria,2024-06-29
363,Carlos,Hernandez,powelltina@hawkins.com,Nigeria,2023-12-15
364,Patricia,Ellis,michaelscott@hotmail.com,UK,2025-07-08
365,Kathleen,Sutton,pharris@simpson.com,Australia,2025-05-29
366,Tina,Hughes,joe56@haney.com,Nigeria,2024-03-25
367,Jessica,Cox,christopherrivera@lewis-chang.net,USA,2024-07-10
368,Donald,Thomas,gilbertpierce@gmail.com,UK,2024-09-01
369,Leonard,Johnson,fergusonmargaret@gaines.biz,Nigeria,2024-05-16
370,Mary,Fields,clarkashley@matthews.com,USA,2024-02-06
371,Catherine,Burgess,johnsonpatricia@fox-callahan.com,Nigeria,2025-05-18
372,Hector,Evans,dannyherman@gmail.com,Canada,2024-01-12
373,Jonathan,Bell,melindamcdowell@martinez.org,Australia,2025-01-01
374,Nathan,Meyer,fdaniel@bass.com,Australia,2024-01-08
375,Kelly,Hoffman,morenodiana@reid-farrell.com,Nigeria,2024-02-09
376,Robert,Jimenez,robert54@montgomery.com,Canada,2024-09-23
377,Dave,Cox,reedjoseph@reyes-love.com,Nigeria,2024-01-10
378,Paul,Berry,rvargas@yahoo.com,Germany,2024-10-26
379,Jonathan,Murphy,virginiafoley@yahoo.com,Germany,2024-06-22
380,Kimberly,Morales,elizabeth68@gmail.com,Australia,2025-03-04
381,Rebecca,Williams,zschneider@anderson.biz,France,2024-03-27
382,John,Wright,joshuaferguson@yahoo.com,Germany,2024-02-10
383,Nicole,Orozco,cliffordwilliams@yahoo.com,Germany,2024-08-05
384,Melissa,Garcia,jasonharrison@yahoo.com,Nigeria,2023-11-04
385,Christopher,Lewis,seanlopez@jordan.net,UK,2025-07-24
386,Eric,King,michaelmeyer@yahoo.com,UK,2024-12-03
387,Derek,Swanson,cory89@gmail.com,Canada,2025-06-13
388,Nicole,Jones,james94@rodriguez.net,UK,2023-12-28
389,Monica,Sims,randallrivera@hopkins-mcpherson.net,USA,2024-11-02
390,Jennifer,Cole,jamesmckenzie@yahoo.com,France,2025-05-14
391,William,Hammond,khall@yahoo.com,Germany,2024-05-01
392,Patricia,Miller,wagnerandrea@conway-heath.com,France,2025-09-24
393,James,Adams,fmartinez@hotmail.com,USA,2025-07-11
394,Brendan,House,manueldiaz@gmail.com,Germany,2024-10-03
395,Derek,Campbell,simmonslisa@hoffman.org,Canada,2025-07-25
396,Brian,Ross,elizabeth31@yahoo.com,USA,2025-09-01
397,David,Jones,dannyhanson@gmail.com,USA,2025-02-19
398,Shannon,Jones,jday@ramos.net,France,2025-09-14
399,Peggy,Gilmore,aadams@gmail.com,Nigeria,2024-05-29
400,Kimberly,Williams,aaroncook@hotmail.com,France,2025-09-29
401,Joe,Elliott,james52@thompson-wolfe.com,Australia,2023-11-01
402,Alejandro,Ellis,joshuashaffer@clark.biz,France,2025-07-01
403,Jason,Smith,robinsonaaron@yahoo.com,UK,2024-11-16
404,Christine,Ramirez,cdunn@gmail.com,USA,2024-10-14
405,Alicia,Freeman,zphillips@harris.com,France,2024-02-17
406,Andrew,Long,ruizkristina@hubbard.com,USA,2023-11-02
407,Andrew,Dennis,ashley37@cohen.info,Australia,2024-07-23
408,Nicholas,Smith,imeadows@gmail.com,UK,2024-04-20
409,Samantha,Garcia,igray@yahoo.com,USA,2023-12-20
410,Jesse,Navarro,vrodriguez@smith.info,France,2024-10-16
411,David,Little,xbright@tran-hudson.biz,USA,2025-01-13
412,Carlos,Miller,stricklandkayla@yahoo.com,Germany,2025-05-22
413,Michael,Bailey,joshua63@gmail.com,Australia,2024-10-02
414,Crystal,Marsh,andrewjacobs@dillon.com,UK,2024-03-04
415,Lindsey,Phelps,sanchezbrittany@hotmail.com,Nigeria,2024-05-18
416,Darius,Brooks,schultzwilliam@hotmail.com,USA,2025-02-14
417,William,Torres,jamescalhoun@alvarez.com,France,2025-10-14
418,Allison,Reid,foliver@johnson.info,UK,2024-05-06
419,Anita,Nelson,xquinn@ingram.info,France,2024-04-29
420,Melissa,White,matthew86@hotmail.com,France,2025-05-25
421,David,Blair,michael41@gmail.com,USA,2025-09-05
422,Melissa,Marquez,lgeorge@gmail.com,France,2025-04-21
423,Amy,Lee,jrobertson@santos-baker.biz,USA,2025-08-14
424,Nicole,Little,melissamitchell@yahoo.com,Nigeria,2023-12-17
425,Ronnie,Ferguson,slopez@gmail.com,Germany,2025-09-02
426,Jamie,Nguyen,vsimmons@yahoo.com,France,2025-10-20
427,Christopher,Goodwin,martinisaiah@kane-davis.net,France,2025-08-10
428,Marissa,Kim,yheath@gmail.com,France,2024-03-07
429,Sarah,Hardy,rossrobert@yahoo.com,Canada,2024-08-05
430,Isabella,Fletcher,thines@hotmail.com,Canada,2024-07-29
431,Cynthia,Velazquez,cartercameron@flores-joseph.info,UK,2024-01-07
432,Michael,Henderson,ecarrillo@gilmore-simmons.org,Germany,2024-08-03
433,Jenny,Clark,harperbarbara@thomas-lamb.com,Germany,2024-05-19
434,Daniel,Drake,gregoryzimmerman@hotmail.com,Canada,2023-12-09
435,Lindsay,Jones,nancy84@rogers-james.info,UK,2025-01-14
436,Martin,Ramos,melanieriley@thomas.com,Canada,2024-03-22
437,David,Solomon,jorgefloyd@henderson.biz,Nigeria,2024-11-21
438,Samuel,Wright,johnsonlindsay@gmail.com,UK,2024-05-21
439,Brian,Walton,gaineskimberly@hotmail.com,Germany,2024-08-26
440,Dawn,Wood,fisherelizabeth@smith.com,Germany,2025-10-16
441,Laura,Moore,fmcmahon@cook.net,Canada,2025-10-27
442,Mark,Black,lopezadam@acosta.com,Nigeria,2023-12-27
443,Latoya,Norman,sean66@gmail.com,Canada,2025-08-18
444,Keith,Williams,pgonzalez@olsen.info,Australia,2025-06-14
445,Shawn,Dalton,jessica77@hotmail.com,USA,2024-06-17
446,Christine,Reid,amanda70@hughes.org,USA,2024-02-10
447,David,Cordova,calvin33@yahoo.com,Nigeria,2025-06-01
448,Danny,Rivera,ernest40@arnold.com,France,2025-10-16
449,Chris,Ball,michaelnguyen@yahoo.com,France,2025-01-27
450,Kristin,Richardson,gonzalezkevin@gmail.com,USA,2025-04-12
451,Angela,Charles,hartmankathryn@vargas.com,USA,2024-07-02
452,Christopher,Greene,zbeck@hotmail.com,France,2024-02-27
453,Gabriella,Phillips,qhernandez@yahoo.com,UK,2024-01-16
454,Alyssa,Carlson,fvasquez@melendez-garner.biz,France,2025-06-26
455,Calvin,Stevens,kjones@gmail.com,Canada,2024-11-22
456,Jon,Martin,billy99@lang.com,UK,2024-06-29
457,Mark,Jordan,lisabutler@gonzalez.com,Canada,2025-05-01
458,Johnny,Kelley,ryan99@snyder.com,USA,2024-10-13
459,Gabriela,Gomez,fwalsh@hotmail.com,UK,2025-07-29
460,Jeffery,Wheeler,taylorcharlene@ball.com,Canada,2025-10-13
461,Peter,Mooney,dennisvang@lopez.com,Canada,2023-12-17
462,Johnathan,Mcpherson,craig78@williams-gibson.com,UK,2025-10-20
463,Tiffany,Smith,holly57@lee.biz,Nigeria,2025-07-04
464,Megan,Sanford,leah48@lewis-wagner.info,Australia,2025-07-23
465,Rebecca,Parsons,donnajenkins@reynolds.com,France,2024-02-06
466,Christine,Sims,ryan95@romero.org,Germany,2024-10-22
467,Frederick,Medina,laura00@allison.biz,Canada,2024-10-16
468,Courtney,Webster,jalvarez@dorsey.com,France,2024-08-29
469,Angela,Lopez,ifarmer@ramirez-cabrera.biz,Australia,2024-06-23
470,Beth,Rogers,richardsoncameron@espinoza-adams.com,Germany,2024-01-01
471,Katherine,Williamson,duffyjerome@yahoo.com,France,2023-11-03
472,Dennis,Smith,gfrost@hamilton.com,USA,2024-06-20
473,Jared,Lambert,pattersonkimberly@hotmail.com,Germany,2024-07-17
474,Jose,Cook,reedchristopher@salazar-goodman.com,Australia,2024-12-17
475,Jacqueline,Moore,wcollins@gmail.com,France,2025-04-06
476,Shelia,Hawkins,bcampbell@gmail.com,Canada,2024-06-03
477,Robert,Brown,rowenoah@becker.com,Germany,2025-07-05
478,Janet,Miller,currynathan@moore-davis.com,USA,2025-08-27
479,Robert,Berry,prestonbrandon@davis.biz,UK,2024-06-27
480,Ronald,Mccoy,pschaefer@stevens.com,Canada,2024-09-22
481,Anthony,Greene,moralesdavid@daniel.org,USA,2024-06-22
482,Judith,Schmidt,fitzgeraldedward@gmail.com,USA,2025-10-12
483,Brandon,Patterson,amber42@yahoo.com,Germany,2023-11-06
484,Katherine,Simmons,cdecker@brown-rodriguez.com,France,2023-12-15
485,April,Ferguson,perkinsryan@yahoo.com,UK,2025-07-28
486,Sarah,Rivera,james86@gmail.com,Canada,2023-12-12
487,Tammy,Mullen,matthewsdanielle@gmail.com,Canada,2024-12-03
488,Cathy,Aguilar,kristin75@orr.org,France,2024-03-11
489,Norma,Murillo,freemanaaron@gmail.com,UK,2025-07-17
490,Dennis,Maldonado,kari46@hotmail.com,Germany,2024-09-15
491,Heather,Glass,campbelltimothy@smith.net,Canada,2024-07-30
492,Scott,Martin,johncabrera@hines.info,UK,2024-02-10
493,Scott,Dudley,cramirez@mills-smith.biz,Germany,2025-06-19
494,Nicholas,Williamson,lewisnatasha@spence.info,Germany,2025-10-24
495,Ernest,Porter,emilyjones@yahoo.com,Australia,2025-04-26
496,Jeffery,Hunt,twest@gmail.com,Canada,2025-02-18
497,Samantha,Hill,richjoshua@yahoo.com,France,2025-08-13
498,Jeanette,Young,jennifer07@hotmail.com,Nigeria,2024-04-29
499,Sean,Miller,bridget20@choi-hamilton.info,Canada,2025-04-10
500,Sean,Sullivan,theresajones@blackwell.biz,Australia,2024-03-01
